{"cameraMode":{"drawMode":0,"name":"Shaded","section":"Shading Mode"},"sceneLighting":false,"audioPlay":false,"sceneViewState":{"showFog":true,"showMaterialUpdate":false,"showSkybox":false,"showFlares":true,"showImageEffects":true,"showParticleSystems":true},"in2DMode":false,"pivot":{"x":5.98199987411499,"y":-3.0616462230682375,"z":5.494999885559082},"rotation":{"x":-0.3555407226085663,"y":-0.4766460359096527,"z":0.2191079705953598,"w":-0.7736372351646423},"size":0.4226493239402771,"orthographic":false}