{"cameraMode":{"drawMode":0,"name":"Shaded","section":"Shading Mode"},"sceneLighting":false,"audioPlay":false,"sceneViewState":{"showFog":true,"showMaterialUpdate":false,"showSkybox":false,"showFlares":true,"showImageEffects":true,"showParticleSystems":true},"in2DMode":false,"pivot":{"x":6.710416316986084,"y":-2.9312658309936525,"z":5.423764228820801},"rotation":{"x":-0.11100630462169647,"y":-0.037455081939697269,"z":0.004230455495417118,"w":-0.9931581616401672},"size":0.3903084695339203,"orthographic":false}