{"cameraMode":{"drawMode":0,"name":"Shaded","section":"Shading Mode"},"sceneLighting":false,"audioPlay":false,"sceneViewState":{"showFog":true,"showMaterialUpdate":false,"showSkybox":false,"showFlares":true,"showImageEffects":true,"showParticleSystems":true},"in2DMode":false,"pivot":{"x":5.3429999351501469,"y":-2.8459999561309816,"z":-9.579000473022461},"rotation":{"x":-0.23019927740097047,"y":0.37462568283081057,"z":-0.0966118574142456,"w":-0.8929882049560547},"size":1.0618380308151246,"orthographic":false}