{"cameraMode":{"drawMode":0,"name":"Shaded","section":"Shading Mode"},"sceneLighting":false,"audioPlay":false,"sceneViewState":{"showFog":true,"showMaterialUpdate":false,"showSkybox":false,"showFlares":true,"showImageEffects":true,"showParticleSystems":true},"in2DMode":false,"pivot":{"x":16.14000129699707,"y":-3.6385669708251955,"z":-2.1100001335144045},"rotation":{"x":-0.12373480200767517,"y":0.5895691514015198,"z":-0.09201414883136749,"w":-0.7929087281227112},"size":1.4150971174240113,"orthographic":false}