{"cameraMode":{"drawMode":0,"name":"Shaded","section":"Shading Mode"},"sceneLighting":false,"audioPlay":false,"sceneViewState":{"showFog":true,"showMaterialUpdate":false,"showSkybox":false,"showFlares":true,"showImageEffects":true,"showParticleSystems":true},"in2DMode":false,"pivot":{"x":16.974260330200197,"y":-1.6732457876205445,"z":-11.215513229370118},"rotation":{"x":0.20544442534446717,"y":-0.655899167060852,"z":0.19241271913051606,"w":0.7005186080932617},"size":1.4150971174240113,"orthographic":false}