{"cameraMode":{"drawMode":0,"name":"Shaded","section":"Shading Mode"},"sceneLighting":true,"audioPlay":false,"sceneViewState":{"showFog":true,"showMaterialUpdate":false,"showSkybox":true,"showFlares":true,"showImageEffects":true,"showParticleSystems":true},"in2DMode":false,"pivot":{"x":0.8346190452575684,"y":10.919707298278809,"z":1.109349250793457},"rotation":{"x":0.19179721176624299,"y":-0.19044829905033112,"z":0.03822186589241028,"w":0.962163507938385},"size":3.3290743827819826,"orthographic":false}