{"cameraMode":{"drawMode":0,"name":"Shaded","section":"Shading Mode"},"sceneLighting":false,"audioPlay":false,"sceneViewState":{"showFog":true,"showMaterialUpdate":false,"showSkybox":false,"showFlares":true,"showImageEffects":true,"showParticleSystems":true},"in2DMode":false,"pivot":{"x":2.6820616722106935,"y":4.968413352966309,"z":-2.0512139797210695},"rotation":{"x":-0.4040849804878235,"y":-0.4373592436313629,"z":0.22952815890312196,"w":-0.7699365615844727},"size":2.126617431640625,"orthographic":false}