{"cameraMode":{"drawMode":0,"name":"Shaded","section":"Shading Mode"},"sceneLighting":false,"audioPlay":false,"sceneViewState":{"showFog":true,"showMaterialUpdate":false,"showSkybox":false,"showFlares":true,"showImageEffects":true,"showParticleSystems":true},"in2DMode":false,"pivot":{"x":16.920000076293947,"y":-1.5938162803649903,"z":-11.387248992919922},"rotation":{"x":-0.17973098158836366,"y":-0.7907052040100098,"z":0.2750873267650604,"w":-0.5165808200836182},"size":1.4150971174240113,"orthographic":false}