{"cameraMode":{"drawMode":0,"name":"Shaded","section":"Shading Mode"},"sceneLighting":true,"audioPlay":false,"sceneViewState":{"showFog":false,"showMaterialUpdate":false,"showSkybox":false,"showFlares":false,"showImageEffects":false,"showParticleSystems":false},"in2DMode":false,"pivot":{"x":-0.27263563871383669,"y":-5.662482738494873,"z":-6.288767337799072},"rotation":{"x":-0.14516273140907288,"y":-0.04243338108062744,"z":0.0062432303093373779,"w":-0.9885005354881287},"size":9.12024974822998,"orthographic":true}